DATES,T_PI,T_CI,m_PI,m_CI,APITR,ACITR,PITB,CITB,GOV,RGDP,DEBT,FF,PLEVEL,NBR,EMP,HperW,LF,CNDSV,CD,INR,"2006, frequenc"
1950,0.0000,0.0000,0.0000,0.0000,0.0982,0.4358,-15.8262,-17.7702,-15.1725,-15.7734,-15.6575,0.0098,2.6893,2.1194,-14.3627,0.6440,-14.3022,-15.7107,-16.7072,-16.5088,-16.1586
1950.25,0.0000,0.0000,0.0000,0.0000,0.0990,0.4639,-15.7982,-17.6621,-15.1539,-15.7469,-15.6693,0.0097,2.6940,2.1325,-14.3471,0.6435,-14.2952,-15.6964,-16.7021,-16.4265,-16.0733
1950.5,0.0000,0.0000,0.0000,0.0000,0.1004,0.4987,-15.7668,-17.5533,-15.1926,-15.7110,-15.7087,0.0119,2.7148,2.1528,-14.3284,0.6496,-14.2864,-15.6829,-16.4919,-16.3431,-16.0038
1950.75,0.0000,0.0000,0.0000,0.0000,0.1129,0.5036,-15.7479,-17.4944,-15.0841,-15.6961,-15.7477,0.0105,2.7324,2.2069,-14.3168,0.6485,-14.2774,-15.6938,-16.6264,-16.3471,-16.0274
1951,0.0000,0.0000,0.0000,0.0000,0.1189,0.6250,-15.7454,-17.5602,-14.9078,-15.6861,-15.8045,0.0122,2.7637,2.1231,-14.3038,0.6537,-14.2724,-15.6741,-16.5980,-16.3758,-16.0677
1951.25,0.0000,0.0000,0.0000,0.0000,0.1234,0.5288,-15.7256,-17.5718,-14.7164,-15.6721,-15.8213,0.0090,2.7716,2.1449,-14.2958,0.6542,-14.2666,-15.6814,-16.7554,-16.3646,-16.1174
1951.5,0.0000,0.0000,0.0000,0.0000,0.1268,0.4728,-15.7175,-17.5623,-14.5594,-15.6549,-15.8243,0.0150,2.7730,2.1209,-14.2990,0.6505,-14.2688,-15.6671,-16.7761,-16.3560,-16.1362
1951.75,0.0000,0.0000,0.0000,0.0000,0.1314,0.4880,-15.7098,-17.5418,-14.4821,-15.6556,-15.8350,0.0125,2.7861,2.1364,-14.2964,0.6479,-14.2678,-15.6621,-16.7817,-16.3793,-16.1490
1952,0.0000,0.0000,0.0000,0.0000,0.1358,0.4770,-15.7020,-17.6078,-14.4419,-15.6480,-15.8358,0.0112,2.7904,2.1759,-14.2956,0.6485,-14.2692,-15.6628,-16.7785,-16.3778,-16.1397
1952.25,0.0000,0.0000,0.0000,0.0000,0.1369,0.4744,-15.6921,-17.6668,-14.4055,-15.6493,-15.8353,0.0158,2.7902,2.1292,-14.3007,0.6473,-14.2733,-15.6459,-16.7617,-16.3691,-16.1284
1952.5,0.0000,0.0000,0.0000,0.0000,0.1354,0.4755,-15.6834,-17.6885,-14.3824,-15.6450,-15.8415,0.0154,2.7967,2.1395,-14.2999,0.6483,-14.2718,-15.6330,-16.8250,-16.4662,-16.1940
1952.75,0.0000,0.0000,0.0000,0.0000,0.1360,0.4719,-15.6664,-17.5879,-14.3691,-15.6148,-15.8417,0.0168,2.7984,2.0584,-14.2866,0.6511,-14.2627,-15.6209,-16.6684,-16.3823,-16.1229
1953,0.0000,0.0000,0.0000,0.0000,0.1348,0.4904,-15.6522,-17.5734,-14.3332,-15.5986,-15.8401,0.0191,2.8022,2.0563,-14.2857,0.6515,-14.2622,-15.6153,-16.6376,-16.3312,-16.0859
1953.25,0.0000,0.0000,0.0000,0.0000,0.1332,0.5025,-15.6417,-17.5970,-14.3045,-15.5933,-15.8372,0.0161,2.8037,2.1584,-14.2885,0.6508,-14.2655,-15.6091,-16.6457,-16.3267,-16.0828
1953.5,0.0000,0.0000,0.0000,0.0000,0.1322,0.5025,-15.6488,-17.6282,-14.3347,-15.6019,-15.8383,0.0158,2.8092,2.1956,-14.2904,0.6435,-14.2644,-15.6136,-16.6545,-16.3067,-16.0845
1953.75,0.0000,0.0000,0.0000,0.0000,0.1318,0.4771,-15.6580,-17.8294,-14.3518,-15.6204,-15.8329,0.0156,2.8135,2.2153,-14.3045,0.6429,-14.2641,-15.6189,-16.6854,-16.3215,-16.0979
1954,0.0000,0.0000,0.0000,0.0000,0.1250,0.4387,-15.6626,-17.7642,-14.4091,-15.6277,-15.8282,0.0119,2.8185,2.2248,-14.3153,0.6426,-14.2634,-15.6121,-16.7196,-16.3543,-16.1163
1954.25,0.0000,0.0000,0.0000,0.0000,0.1245,0.4356,-15.6699,-17.7283,-14.4666,-15.6290,-15.8237,0.0080,2.8172,2.2570,-14.3257,0.6383,-14.2743,-15.6074,-16.6748,-16.3674,-16.1026
1954.5,-0.2800,-1.6304,-0.0008,-0.8477,0.1240,0.4401,-15.6675,-17.6817,-14.5202,-15.6204,-15.8226,0.0103,2.8139,2.2919,-14.3276,0.6343,-14.2709,-15.5948,-16.6732,-16.3431,-16.0661
1954.75,0.0000,0.0000,0.0000,0.0000,0.1234,0.4323,-15.6564,-17.5949,-14.5346,-15.6032,-15.8245,0.0099,2.8130,2.3159,-14.3255,0.6390,-14.2793,-15.5835,-16.6161,-16.3486,-16.0465
1955,0.0000,0.0000,0.0000,0.0000,0.1257,0.4280,-15.6415,-17.4879,-14.5615,-15.5774,-15.8330,0.0134,2.8162,2.2541,-14.3191,0.6446,-14.2772,-15.5749,-16.5326,-16.3335,-16.0095
1955.25,0.0000,0.0000,0.0000,0.0000,0.1264,0.4215,-15.6221,-17.4694,-14.5871,-15.5636,-15.8431,0.0150,2.8173,2.2639,-14.3124,0.6431,-14.2739,-15.5649,-16.4823,-16.2751,-15.9700
1955.5,0.0000,0.0000,0.0000,0.0000,0.1269,0.4257,-15.6084,-17.4652,-14.5793,-15.5530,-15.8563,0.0194,2.8213,2.2143,-14.3020,0.6436,-14.2643,-15.5591,-16.4533,-16.2280,-15.9509
1955.75,0.0000,0.0000,0.0000,0.0000,0.1274,0.4340,-15.6053,-17.4597,-14.6202,-15.5503,-15.8760,0.0236,2.8240,2.2469,-14.2940,0.6440,-14.2556,-15.5420,-16.4827,-16.2036,-15.9527
1956,0.0000,0.0000,0.0000,0.0000,0.1298,0.4292,-15.6003,-17.5132,-14.6305,-15.5576,-15.8961,0.0248,2.8281,2.2125,-14.2941,0.6394,-14.2558,-15.5343,-16.5323,-16.2251,-15.9770
1956.25,0.0000,0.0000,0.0000,0.0000,0.1306,0.4403,-15.5915,-17.5281,-14.6074,-15.5525,-15.9103,0.0269,2.8349,2.2366,-14.2921,0.6375,-14.2523,-15.5331,-16.5336,-16.2124,-15.9717
1956.5,0.0000,0.0000,0.0000,0.0000,0.1306,0.4200,-15.5937,-17.5607,-14.6287,-15.5568,-15.9313,0.0281,2.8446,2.2386,-14.2964,0.6375,-14.2600,-15.5308,-16.5545,-16.2073,-15.9764
1956.75,0.0000,0.0000,0.0000,0.0000,0.1312,0.4370,-15.5781,-17.5527,-14.5965,-15.5435,-15.9432,0.0293,2.8505,2.2807,-14.2996,0.6373,-14.2610,-15.5230,-16.5257,-16.2127,-15.9862
1957,0.0000,0.0000,0.0000,0.0000,0.1345,0.4338,-15.5822,-17.5386,-14.5818,-15.5403,-15.9640,0.0293,2.8594,2.2240,-14.3005,0.6330,-14.2659,-15.5212,-16.5106,-16.2085,-15.9892
1957.25,0.0000,0.0000,0.0000,0.0000,0.1346,0.4238,-15.5822,-17.5731,-14.6000,-15.5457,-15.9769,0.0300,2.8657,2.2097,-14.2989,0.6246,-14.2597,-15.5176,-16.5374,-16.2141,-16.0019
1957.5,0.0000,0.0000,0.0000,0.0000,0.1336,0.4186,-15.5796,-17.5949,-14.5997,-15.5394,-15.9885,0.0323,2.8738,2.2107,-14.3020,0.6270,-14.2616,-15.5104,-16.5475,-16.1965,-15.9951
1957.75,0.0000,0.0000,0.0000,0.0000,0.1329,0.4128,-15.5883,-17.6797,-14.5890,-15.5532,-15.9878,0.0325,2.8789,2.2685,-14.3159,0.6177,-14.2679,-15.5112,-16.5626,-16.2260,-16.0168
1958,0.0000,0.0000,0.0000,0.0000,0.1312,0.4085,-15.6047,-17.8392,-14.6288,-15.5839,-15.9953,0.0186,2.8911,2.3366,-14.3377,0.6125,-14.2750,-15.5190,-16.6346,-16.3043,-16.0839
1958.25,0.0000,0.0000,0.0000,0.0000,0.1294,0.4093,-15.6099,-17.8217,-14.6004,-15.5810,-15.9892,0.0094,2.8929,2.3886,-14.3494,0.6156,-14.2800,-15.5107,-16.6533,-16.3517,-16.1159
1958.5,0.0000,0.0000,0.0000,0.0000,0.1303,0.4182,-15.5966,-17.7278,-14.6073,-15.5609,-15.9870,0.0132,2.8936,2.3424,-14.3470,0.6168,-14.2796,-15.4985,-16.6358,-16.3699,-16.1049
1958.75,0.0000,0.0000,0.0000,0.0000,0.1296,0.4268,-15.5902,-17.6105,-14.5873,-15.5409,-15.9855,0.0216,2.8934,2.3585,-14.3428,0.6236,-14.2844,-15.4917,-16.6028,-16.3364,-16.0481
1959,0.0000,0.0000,0.0000,0.0000,0.1350,0.4154,-15.5723,-17.5453,-14.6070,-15.5239,-15.9852,0.0257,2.9003,2.3497,-14.3354,0.6249,-14.2828,-15.4818,-16.5531,-16.3088,-15.9916
1959.25,0.0000,0.0000,0.0000,0.0000,0.1353,0.4140,-15.5527,-17.4574,-14.5864,-15.5020,-15.9880,0.0308,2.9043,2.3069,-14.3214,0.6285,-14.2747,-15.4728,-16.5191,-16.2818,-15.9628
1959.5,0.0000,0.0000,0.0000,0.0000,0.1357,0.4058,-15.5535,-17.5646,-14.5688,-15.5061,-15.9884,0.0358,2.9102,2.3226,-14.3291,0.6247,-14.2775,-15.4669,-16.5029,-16.2535,-15.9535
1959.75,0.0000,0.0000,0.0000,0.0000,0.1364,0.3892,-15.5474,-17.5640,-14.5864,-15.5055,-15.9911,0.0399,2.9157,2.3192,-14.3286,0.6229,-14.2788,-15.4608,-16.5547,-16.2604,-15.9698
1960,0.0000,0.0000,0.0000,0.0000,0.1431,0.4054,-15.5312,-17.4951,-14.6353,-15.4862,-16.0048,0.0393,2.9170,2.3180,-14.3273,0.6178,-14.2767,-15.4576,-16.5259,-16.2255,-15.9384
1960.25,0.0000,0.0000,0.0000,0.0000,0.1434,0.3985,-15.5275,-17.5713,-14.6420,-15.4938,-16.0143,0.0370,2.9222,2.3467,-14.3262,0.6239,-14.2753,-15.4495,-16.5064,-16.2130,-15.9616
1960.5,0.0000,0.0000,0.0000,0.0000,0.1443,0.3852,-15.5303,-17.5935,-14.6145,-15.4951,-16.0218,0.0294,2.9261,2.3917,-14.3305,0.6266,-14.2779,-15.4557,-16.5174,-16.2412,-15.9918
1960.75,0.0000,0.0000,0.0000,0.0000,0.1433,0.3849,-15.5358,-17.6451,-14.6139,-15.5111,-16.0249,0.0230,2.9305,2.4134,-14.3360,0.6200,-14.2737,-15.4534,-16.5459,-16.2498,-15.9989
1961,0.0000,0.0000,0.0000,0.0000,0.1436,0.3888,-15.5345,-17.6710,-14.6182,-15.5082,-16.0257,0.0200,2.9323,2.4013,-14.3410,0.6198,-14.2755,-15.4482,-16.6054,-16.2741,-16.0145
1961.25,0.0000,0.0000,0.0000,0.0000,0.1429,0.3836,-15.5266,-17.5906,-14.6119,-15.4926,-16.0253,0.0173,2.9323,2.4001,-14.3497,0.6152,-14.2835,-15.4375,-16.5878,-16.2566,-16.0029
1961.5,0.0000,0.0000,0.0000,0.0000,0.1415,0.3901,-15.5176,-17.5571,-14.5888,-15.4812,-16.0286,0.0168,2.9359,2.4205,-14.3492,0.6174,-14.2860,-15.4398,-16.5683,-16.2529,-15.9838
1961.75,0.0000,0.0000,0.0000,0.0000,0.1403,0.3966,-15.5033,-17.4961,-14.5759,-15.4656,-16.0340,0.0240,2.9370,2.4306,-14.3425,0.6183,-14.2864,-15.4286,-16.5255,-16.2242,-15.9552
1962,0.0000,0.0000,0.0000,0.0000,0.1442,0.3530,-15.4957,-17.4664,-14.5443,-15.4524,-16.0389,0.0246,2.9414,2.4132,-14.3365,0.6203,-14.2843,-15.4244,-16.5086,-16.2059,-15.9385
1962.25,0.0000,0.0000,0.0000,0.0000,0.1453,0.3544,-15.4844,-17.4855,-14.5448,-15.4459,-16.0395,0.0261,2.9450,2.4182,-14.3388,0.6244,-14.2877,-15.4192,-16.4867,-16.1810,-15.9131
1962.5,0.0000,-2.2131,0.0000,-1.4304,0.1468,0.3573,-15.4812,-17.4722,-14.5192,-15.4407,-16.0415,0.0285,2.9475,2.4251,-14.3448,0.6239,-14.2922,-15.4146,-16.4834,-16.1722,-15.9092
1962.75,0.0000,-1.4469,0.0000,-0.6642,0.1479,0.3459,-15.4764,-17.4425,-14.5286,-15.4423,-16.0438,0.0292,2.9505,2.4287,-14.3515,0.6210,-14.2994,-15.4092,-16.4444,-16.1830,-15.9181
1963,0.0000,0.0000,0.0000,0.0000,0.1513,0.3448,-15.4702,-17.4457,-14.5572,-15.4333,-16.0485,0.0297,2.9533,2.4208,-14.3503,0.6206,-14.2963,-15.4087,-16.4286,-16.1886,-15.9105
1963.25,0.0000,0.0000,0.0000,0.0000,0.1502,0.3512,-15.4634,-17.3997,-14.5705,-15.4249,-16.0550,0.0296,2.9548,2.4105,-14.3514,0.6237,-14.2988,-15.4052,-16.4114,-16.1612,-15.8692
1963.5,0.0000,0.0000,0.0000,0.0000,0.1486,0.3547,-15.4542,-17.3865,-14.5204,-15.4102,-16.0599,0.0333,2.9595,2.4145,-14.3500,0.6209,-14.2980,-15.3953,-16.4031,-16.1353,-15.8476
1963.75,0.0000,0.0000,0.0000,0.0000,0.1473,0.3543,-15.4469,-17.3763,-14.5513,-15.4066,-16.0709,0.0345,2.9632,2.4334,-14.3505,0.6223,-14.2983,-15.3922,-16.3913,-16.1069,-15.8201
1964,0.0000,0.0000,0.0000,0.0000,0.1415,0.3293,-15.4363,-17.3263,-14.5603,-15.3883,-16.0742,0.0346,2.9680,2.4235,-14.3485,0.6232,-14.2970,-15.3796,-16.3570,-16.0863,-15.7865
1964.25,-1.3701,-2.2606,-1.0909,-1.4779,0.1307,0.3297,-15.4227,-17.3343,-14.5709,-15.3808,-16.0729,0.0349,2.9703,2.4271,-14.3470,0.6288,-14.2975,-15.3675,-16.3352,-16.0650,-15.7931
1964.5,0.0000,0.0000,0.0000,0.0000,0.1320,0.3316,-15.4123,-17.3273,-14.5826,-15.3710,-16.0762,0.0346,2.9737,2.4439,-14.3439,0.6268,-14.2960,-15.3555,-16.3064,-16.0354,-15.7810
1964.75,0.0000,0.0000,0.0000,0.0000,0.1331,0.3302,-15.4040,-17.3480,-14.6005,-15.3720,-16.0834,0.0358,2.9771,2.4636,-14.3427,0.6287,-14.2958,-15.3507,-16.3414,-16.0185,-15.7775
1965,0.0000,0.0000,0.0000,0.0000,0.1379,0.3207,-15.3943,-17.2567,-14.6169,-15.3515,-16.0952,0.0397,2.9802,2.4399,-14.3412,0.6356,-14.2963,-15.3438,-16.2562,-15.9573,-15.7367
1965.25,0.0000,0.0000,0.0000,0.0000,0.1383,0.3222,-15.3840,-17.2395,-14.6187,-15.3418,-16.1064,0.0408,2.9852,2.4395,-14.3319,0.6333,-14.2891,-15.3350,-16.2583,-15.9240,-15.7128
1965.5,0.0000,0.0000,0.0000,0.0000,0.1336,0.3236,-15.3719,-17.2329,-14.5830,-15.3256,-16.1098,0.0407,2.9890,2.4438,-14.3310,0.6294,-14.2905,-15.3248,-16.2287,-15.8908,-15.6900
1965.75,0.0000,0.0000,0.0000,0.0000,0.1328,0.3292,-15.3557,-17.1974,-14.5596,-15.3056,-16.1159,0.0417,2.9920,2.4742,-14.3248,0.6306,-14.2869,-15.3037,-16.1913,-15.8531,-15.6717
1966,0.0000,0.0000,0.0000,0.0000,0.1448,0.3268,-15.3355,-17.1736,-14.5409,-15.2853,-16.1255,0.0456,2.9998,2.4513,-14.3196,0.6350,-14.2838,-15.2985,-16.1487,-15.8143,-15.6389
1966.25,0.0000,0.0000,0.0000,0.0000,0.1492,0.3311,-15.3310,-17.1991,-14.5186,-15.2858,-16.1371,0.0491,3.0080,2.4466,-14.3116,0.6308,-14.2764,-15.2921,-16.1933,-15.8027,-15.6558
1966.5,0.0000,0.0000,0.0000,0.0000,0.1509,0.3326,-15.3245,-17.2348,-14.4833,-15.2837,-16.1472,0.0541,3.0156,2.4389,-14.3066,0.6270,-14.2726,-15.2886,-16.1654,-15.7950,-15.6605
1966.75,0.0000,0.0000,0.0000,0.0000,0.1528,0.3204,-15.3218,-17.2350,-14.4794,-15.2800,-16.1543,0.0556,3.0233,2.4587,-14.3061,0.6250,-14.2710,-15.2881,-16.1702,-15.8020,-15.6957
1967,0.0000,0.0000,0.0000,0.0000,0.1540,0.3170,-15.3162,-17.2753,-14.4175,-15.2756,-16.1489,0.0482,3.0263,2.5045,-14.3044,0.6228,-14.2698,-15.2825,-16.1937,-15.8277,-15.7239
1967.25,0.0000,0.0000,0.0000,0.0000,0.1533,0.3176,-15.3148,-17.2976,-14.4364,-15.2797,-16.1464,0.0399,3.0310,2.5137,-14.3072,0.6158,-14.2714,-15.2783,-16.1559,-15.8357,-15.7029
1967.5,0.0000,-1.8079,0.0000,-1.0251,0.1553,0.3166,-15.3085,-17.2978,-14.4249,-15.2760,-16.1468,0.0389,3.0402,2.5462,-14.3058,0.6164,-14.2706,-15.2750,-16.1682,-15.8450,-15.6974
1967.75,0.0000,0.0000,0.0000,0.0000,0.1565,0.3238,-15.3072,-17.2795,-14.4312,-15.2726,-16.1506,0.0417,3.0487,2.5613,-14.3027,0.6140,-14.2670,-15.2725,-16.1699,-15.8288,-15.6709
1968,0.0000,0.0000,0.0000,0.0000,0.1573,0.3603,-15.2941,-17.2858,-14.4181,-15.2564,-16.1575,0.0479,3.0592,2.5279,-14.3027,0.6118,-14.2688,-15.2594,-16.1138,-15.8020,-15.6512
1968.25,0.0000,0.0000,0.0000,0.0000,0.1584,0.3519,-15.2837,-17.2618,-14.4304,-15.2438,-16.1627,0.0598,3.0694,2.5303,-14.2983,0.6115,-14.2640,-15.2493,-16.0969,-15.8237,-15.6605
1968.5,0.0000,0.0000,0.0000,0.0000,0.1691,0.3515,-15.2729,-17.2747,-14.4432,-15.2411,-16.1749,0.0594,3.0797,2.5596,-14.2979,0.6135,-14.2666,-15.2396,-16.0570,-15.8147,-15.6500
1968.75,0.0000,0.0000,0.0000,0.0000,0.1714,0.3554,-15.2705,-17.2772,-14.4535,-15.2410,-16.1923,0.0592,3.0907,2.5666,-14.2942,0.6096,-14.2632,-15.2372,-16.0671,-15.7896,-15.6299
1969,0.0000,0.0000,0.0000,0.0000,0.1805,0.3582,-15.2633,-17.2938,-14.4632,-15.2295,-16.2158,0.0657,3.1005,2.5456,-14.2878,0.6114,-14.2568,-15.2316,-16.0526,-15.7646,-15.6030
1969.25,0.0000,0.0000,0.0000,0.0000,0.1807,0.3587,-15.2562,-17.3444,-14.4834,-15.2307,-16.2415,0.0833,3.1132,2.5185,-14.2858,0.6082,-14.2538,-15.2277,-16.0594,-15.7580,-15.6028
1969.5,0.0000,0.0000,0.0000,0.0000,0.1740,0.3558,-15.2489,-17.3948,-14.4873,-15.2290,-16.2633,0.0898,3.1254,2.5450,-14.2869,0.6083,-14.2525,-15.2260,-16.0668,-15.7359,-15.5908
1969.75,0.0000,0.0000,0.0000,0.0000,0.1731,0.3732,-15.2489,-17.4725,-14.5190,-15.2382,-16.2831,0.0894,3.1369,2.5687,-14.2906,0.6050,-14.2580,-15.2208,-16.0752,-15.7465,-15.6210
1970,0.0000,0.0000,0.0000,0.0000,0.1704,0.3497,-15.2559,-17.5897,-14.5435,-15.2444,-16.2984,0.0857,3.1485,2.5782,-14.2957,0.5980,-14.2548,-15.2154,-16.0952,-15.7568,-15.6291
1970.25,0.0000,0.0000,0.0000,0.0000,0.1693,0.3337,-15.2597,-17.5612,-14.5798,-15.2471,-16.3023,0.0788,3.1595,2.5800,-14.3035,0.5942,-14.2576,-15.2166,-16.0883,-15.7668,-15.6561
1970.5,0.0000,0.0000,0.0000,0.0000,0.1611,0.3444,-15.2572,-17.5726,-14.5994,-15.2429,-16.2982,0.0670,3.1691,2.6281,-14.3114,0.5888,-14.2611,-15.2117,-16.0894,-15.7665,-15.6432
1970.75,0.0000,0.0000,0.0000,0.0000,0.1611,0.3459,-15.2700,-17.6420,-14.6096,-15.2583,-16.2960,0.0557,3.1820,2.6550,-14.3214,0.5891,-14.2640,-15.2086,-16.1628,-15.8091,-15.6470
1971,0.0000,-3.4826,0.0000,-2.6998,0.1575,0.3348,-15.2643,-17.5122,-14.6540,-15.2358,-16.2998,0.0386,3.1915,2.6727,-14.3216,0.5871,-14.2655,-15.2078,-16.0656,-15.8048,-15.6296
1971.25,0.0000,0.0000,0.0000,0.0000,0.1571,0.3359,-15.2632,-17.5066,-14.6732,-15.2348,-16.2942,0.0456,3.2028,2.6786,-14.3234,0.5871,-14.2678,-15.2056,-16.0478,-15.7947,-15.5937
1971.5,0.0000,0.0000,0.0000,0.0000,0.1564,0.3191,-15.2628,-17.4998,-14.6823,-15.2317,-16.2868,0.0547,3.2126,2.7032,-14.3283,0.5861,-14.2718,-15.2055,-16.0263,-15.7956,-15.5798
1971.75,0.0000,0.0000,0.0000,0.0000,0.1563,0.3106,-15.2579,-17.4758,-14.7185,-15.2337,-16.2802,0.0475,3.2188,2.7150,-14.3279,0.5862,-14.2704,-15.1981,-15.9893,-15.7792,-15.5576
1972,-0.4277,-1.5968,-0.1485,-0.8140,0.1709,0.3090,-15.2431,-17.4359,-14.7192,-15.2208,-16.2867,0.0354,3.2293,2.7332,-14.3241,0.5927,-14.2684,-15.1915,-15.9715,-15.7509,-15.5184
1972.25,0.0000,0.0000,0.0000,0.0000,0.1708,0.3059,-15.2360,-17.4302,-14.7081,-15.2021,-16.2776,0.0430,3.2351,2.7606,-14.3233,0.5913,-14.2691,-15.1783,-15.9514,-15.7392,-15.5057
1972.5,0.0000,0.0000,0.0000,0.0000,0.1676,0.3042,-15.2236,-17.4052,-14.7682,-15.1973,-16.2821,0.0474,3.2438,2.7382,-14.3200,0.5895,-14.2670,-15.1693,-15.9307,-15.7284,-15.4995
1972.75,0.0000,0.0000,0.0000,0.0000,0.1647,0.3152,-15.2049,-17.3580,-14.7762,-15.1856,-16.2818,0.0514,3.2520,2.7470,-14.3136,0.5854,-14.2644,-15.1560,-15.8838,-15.6822,-15.4587
1973,0.0000,0.0000,0.0000,0.0000,0.1718,0.3216,-15.1899,-17.3232,-14.7645,-15.1651,-16.2921,0.0654,3.2640,2.7146,-14.3075,0.5859,-14.2604,-15.1505,-15.8267,-15.6412,-15.4220
1973.25,0.0000,0.0000,0.0000,0.0000,0.1703,0.3325,-15.1819,-17.3740,-14.7848,-15.1582,-16.3027,0.0782,3.2831,2.7010,-14.3037,0.5868,-14.2573,-15.1535,-15.8433,-15.6058,-15.4180
1973.5,0.0000,0.0000,0.0000,0.0000,0.1710,0.3173,-15.1806,-17.3979,-14.8328,-15.1682,-16.3252,0.1056,3.3011,2.7002,-14.3039,0.5883,-14.2578,-15.1524,-15.8569,-15.5938,-15.4256
1973.75,0.0000,0.0000,0.0000,0.0000,0.1712,0.3256,-15.1716,-17.4013,-14.8367,-15.1634,-16.3485,0.1000,3.3214,2.7551,-14.2999,0.5827,-14.2527,-15.1562,-15.8852,-15.5907,-15.4403
1974,0.0000,0.0000,0.0000,0.0000,0.1765,0.3295,-15.1799,-17.4890,-14.8103,-15.1768,-16.3685,0.0932,3.3507,2.7611,-14.2996,0.5795,-14.2512,-15.1671,-15.9135,-15.5964,-15.4689
1974.25,0.0000,0.0000,0.0000,0.0000,0.1793,0.3515,-15.1908,-17.5323,-14.8165,-15.1788,-16.3967,0.1125,3.3786,2.6645,-14.3031,0.5743,-14.2518,-15.1686,-15.9127,-15.6032,-15.4880
1974.5,0.0000,0.0000,0.0000,0.0000,0.1798,0.4020,-15.1970,-17.5988,-14.8161,-15.1935,-16.4217,0.1209,3.4053,2.6463,-14.3078,0.5739,-14.2513,-15.1695,-15.9116,-15.6196,-15.5104
1974.75,0.0000,0.0000,0.0000,0.0000,0.1792,0.3649,-15.2158,-17.6687,-14.8135,-15.2021,-16.4388,0.0935,3.4304,2.8227,-14.3190,0.5709,-14.2500,-15.1753,-16.0163,-15.6527,-15.5735
1975,0.0000,0.0000,0.0000,0.0000,0.1793,0.2969,-15.2374,-17.6801,-14.8294,-15.2190,-16.4312,0.0630,3.4491,2.8526,-14.3381,0.5624,-14.2546,-15.1736,-15.9999,-15.7206,-15.6413
1975.25,0.0000,0.0000,0.0000,0.0000,0.1467,0.2876,-15.2441,-17.5856,-14.8421,-15.2160,-16.3817,0.0542,3.4614,2.8615,-14.3464,0.5609,-14.2602,-15.1622,-15.9852,-15.7517,-15.6601
1975.5,0.0000,0.0000,0.0000,0.0000,0.1683,0.3099,-15.2384,-17.4498,-14.8222,-15.2040,-16.3613,0.0616,3.4799,2.8587,-14.3453,0.5610,-14.2625,-15.1601,-15.9294,-15.7473,-15.6402
1975.75,0.0000,0.0000,0.0000,0.0000,0.1686,0.2997,-15.2316,-17.4224,-14.8244,-15.1958,-16.3410,0.0541,3.4966,2.8731,-14.3424,0.5660,-14.2620,-15.1573,-15.9054,-15.7428,-15.6264
1976,0.0000,0.0000,0.0000,0.0000,0.1707,0.3138,-15.2181,-17.3560,-14.8384,-15.1780,-16.3223,0.0483,3.5075,2.8804,-14.3371,0.5679,-14.2625,-15.1472,-15.8614,-15.7296,-15.5905
1976.25,0.0000,0.0000,0.0000,0.0000,0.1720,0.3172,-15.2106,-17.4000,-14.8452,-15.1752,-16.3091,0.0520,3.5159,2.8803,-14.3353,0.5635,-14.2603,-15.1418,-15.8615,-15.7221,-15.5782
1976.5,0.0000,0.0000,0.0000,0.0000,0.1733,0.3129,-15.2053,-17.4148,-14.8527,-15.1749,-16.2971,0.0528,3.5309,2.8875,-14.3347,0.5625,-14.2595,-15.1361,-15.8549,-15.7051,-15.5725
1976.75,0.1173,0.4661,0.3965,1.2489,0.1739,0.3076,-15.2028,-17.4412,-14.8548,-15.1723,-16.2874,0.0487,3.5466,2.9088,-14.3340,0.5644,-14.2576,-15.1283,-15.8438,-15.6900,-15.5269
1977,0.0000,0.0000,0.0000,0.0000,0.1770,0.3102,-15.2007,-17.3998,-14.8511,-15.1653,-16.2844,0.0466,3.5643,2.9070,-14.3294,0.5603,-14.2560,-15.1257,-15.8124,-15.6565,-15.4959
1977.25,0.0000,0.0000,0.0000,0.0000,0.1769,0.3004,-15.1877,-17.2983,-14.8393,-15.1502,-16.2794,0.0516,3.5813,2.9019,-14.3178,0.5636,-14.2472,-15.1280,-15.7937,-15.6326,-15.4462
1977.5,-0.3536,-0.8355,-0.0744,-0.0527,0.1745,0.2894,-15.1770,-17.2387,-14.8381,-15.1371,-16.2710,0.0582,3.5963,2.9040,-14.3119,0.5622,-14.2456,-15.1239,-15.7836,-15.6164,-15.4379
1977.75,0.0000,0.0000,0.0000,0.0000,0.1747,0.3007,-15.1658,-17.3000,-14.8525,-15.1418,-16.2723,0.0651,3.6105,2.9134,-14.3054,0.5603,-14.2433,-15.1145,-15.7674,-15.5880,-15.4246
1978,0.0000,0.0000,0.0000,0.0000,0.1771,0.2929,-15.1582,-17.3587,-14.8535,-15.1430,-16.2662,0.0676,3.6270,2.9422,-14.2991,0.5531,-14.2380,-15.1075,-15.7988,-15.5827,-15.4208
1978.25,0.0000,0.0000,0.0000,0.0000,0.1783,0.3109,-15.1439,-17.2447,-14.8345,-15.1089,-16.2739,0.0728,3.6474,2.9325,-14.2871,0.5648,-14.2299,-15.0998,-15.7314,-15.5063,-15.3552
1978.5,0.0000,0.0000,0.0000,0.0000,0.1818,0.3071,-15.1373,-17.2457,-14.8354,-15.1036,-16.2802,0.0810,3.6649,2.9410,-14.2837,0.5610,-14.2260,-15.0969,-15.7494,-15.4756,-15.3313
1978.75,0.0000,0.0000,0.0000,0.0000,0.1834,0.3093,-15.1323,-17.2256,-14.8311,-15.0949,-16.2930,0.0958,3.6836,2.9384,-14.2789,0.5631,-14.2208,-15.0933,-15.7460,-15.4477,-15.3147
1979,-0.8047,-2.7554,-0.5255,-1.9726,0.1872,0.3062,-15.1202,-17.2918,-14.8342,-15.0977,-16.3074,0.1007,3.7022,2.9145,-14.2750,0.5573,-14.2184,-15.0898,-15.7623,-15.4306,-15.3116
1979.25,0.0000,0.0000,0.0000,0.0000,0.1886,0.3037,-15.1279,-17.3137,-14.8264,-15.1011,-16.3276,0.1018,3.7291,2.9118,-14.2743,0.5511,-14.2193,-15.0910,-15.7896,-15.4380,-15.3238
1979.5,0.0000,0.0000,0.0000,0.0000,0.1899,0.3015,-15.1259,-17.3504,-14.8322,-15.0982,-16.3413,0.1095,3.7535,2.9268,-14.2709,0.5570,-14.2143,-15.0884,-15.7664,-15.4115,-15.3100
1979.75,0.0000,0.0000,0.0000,0.0000,0.1896,0.2949,-15.1178,-17.4027,-14.8366,-15.0997,-16.3517,0.1358,3.7774,2.9574,-14.2730,0.5577,-14.2153,-15.0853,-15.7967,-15.4133,-15.3236
1980,0.0000,0.0000,0.0000,0.0000,0.1873,0.3270,-15.1157,-17.4551,-14.8093,-15.1007,-16.3565,0.1505,3.8068,2.8836,-14.2747,0.5519,-14.2137,-15.0890,-15.8168,-15.4065,-15.3420
1980.25,0.0000,0.0000,0.0000,0.0000,0.1884,0.2862,-15.1314,-17.6449,-14.7887,-15.1256,-16.3528,0.1269,3.8310,3.0055,-14.2841,0.5448,-14.2107,-15.1026,-15.9351,-15.4628,-15.4372
1980.5,0.0000,0.0000,0.0000,0.0000,0.1894,0.3085,-15.1358,-17.6287,-14.8056,-15.1308,-16.3460,0.0984,3.8541,2.9918,-14.2904,0.5446,-14.2174,-15.0999,-15.8951,-15.4587,-15.4308
1980.75,0.0000,0.0000,0.0000,0.0000,0.1888,0.3115,-15.1170,-17.5719,-14.8056,-15.1159,-16.3511,0.1585,3.8785,3.0119,-14.2860,0.5475,-14.2162,-15.0926,-15.8684,-15.4413,-15.3952
1981,0.0000,0.0000,0.0000,0.0000,0.1960,0.2817,-15.1138,-17.5530,-14.7885,-15.0987,-16.3579,0.1657,3.9041,3.0479,-14.2862,0.5478,-14.2143,-15.0939,-15.8438,-15.4287,-15.3913
1981.25,0.0000,0.0000,0.0000,0.0000,0.1976,0.2495,-15.1160,-17.5970,-14.7625,-15.1101,-16.3587,0.1778,3.9206,3.0101,-14.2873,0.5402,-14.2146,-15.0914,-15.8869,-15.4121,-15.3881
1981.5,-0.1653,-2.2099,0.1139,-1.4272,0.1972,0.2390,-15.1024,-17.5360,-14.7667,-15.1012,-16.3587,0.1758,3.9369,3.0460,-14.2888,0.5344,-14.2150,-15.0943,-15.8600,-15.3912,-15.3911
1981.75,0.0000,0.0000,0.0000,0.0000,0.1930,0.2194,-15.1099,-17.6341,-14.7592,-15.1169,-16.3468,0.1359,3.9520,3.0822,-14.2949,0.5426,-14.2120,-15.0955,-15.9377,-15.3706,-15.3979
1982,0.0000,0.0000,0.0000,0.0000,0.1932,0.1841,-15.1130,-17.7658,-14.7608,-15.1365,-16.3260,0.1423,3.9645,3.0397,-14.3038,0.5326,-14.2150,-15.0957,-15.9093,-15.3976,-15.4319
1982.25,0.0000,0.0000,0.0000,0.0000,0.1932,0.1771,-15.1135,-17.7073,-14.7549,-15.1343,-16.3006,0.1451,3.9740,3.0523,-14.3096,0.5424,-14.2151,-15.0953,-15.9088,-15.4372,-15.4706
1982.5,0.0000,0.0000,0.0000,0.0000,0.1876,0.1818,-15.1215,-17.7305,-14.7429,-15.1410,-16.2678,0.1101,3.9896,3.0797,-14.3180,0.5408,-14.2172,-15.0906,-15.9037,-15.4744,-15.5017
1982.75,0.0000,0.0000,0.0000,0.0000,0.1880,0.1675,-15.1251,-17.7723,-14.7166,-15.1431,-16.2261,0.0929,4.0007,3.1340,-14.3261,0.5398,-14.2176,-15.0791,-15.8619,-15.4976,-15.5062
1983,0.0000,0.0000,0.0000,0.0000,0.1866,0.1626,-15.1201,-17.6747,-14.7076,-15.1336,-16.1823,0.0865,4.0093,3.1621,-14.3275,0.5448,-14.2247,-15.0723,-15.8547,-15.5194,-15.4875
1983.25,0.0000,0.0000,0.0000,0.0000,0.1866,0.1914,-15.1129,-17.5482,-14.6894,-15.1143,-16.1453,0.0880,4.0185,3.1630,-14.3228,0.5469,-14.2221,-15.0629,-15.7872,-15.5101,-15.4525
1983.5,0.0000,0.0000,0.0000,0.0000,0.1771,0.2061,-15.1018,-17.4945,-14.6646,-15.0976,-16.1063,0.0946,4.0315,3.1778,-14.3148,0.5513,-14.2233,-15.0512,-15.7524,-15.4688,-15.3973
1983.75,0.0000,0.0000,0.0000,0.0000,0.1764,0.2027,-15.0827,-17.4638,-14.7031,-15.0800,-16.0703,0.0943,4.0382,3.2025,-14.3056,0.5505,-14.2232,-15.0432,-15.7071,-15.4089,-15.3432
1984,0.0000,0.0000,0.0000,0.0000,0.1771,0.2191,-15.0617,-17.3858,-14.6975,-15.0637,-16.0444,0.0969,4.0489,3.2113,-14.2974,0.5571,-14.2208,-15.0420,-15.6729,-15.3797,-15.3152
1984.25,0.0000,0.0000,0.0000,0.0000,0.1758,0.2077,-15.0448,-17.3593,-14.6694,-15.0494,-16.0142,0.1056,4.0585,3.1265,-14.2899,0.5606,-14.2184,-15.0320,-15.6529,-15.3340,-15.2778
1984.5,0.1810,1.0210,0.4603,1.8038,0.1764,0.1795,-15.0291,-17.3949,-14.6761,-15.0426,-15.9835,0.1139,4.0662,2.9364,-14.2856,0.5569,-14.2134,-15.0260,-15.6554,-15.3044,-15.2595
1984.75,0.0000,0.0000,0.0000,0.0000,0.1777,0.1775,-15.0215,-17.3836,-14.6463,-15.0373,-15.9487,0.0927,4.0725,3.1666,-14.2821,0.5543,-14.2104,-15.0187,-15.6263,-15.2834,-15.2445
1985,0.0000,0.0000,0.0000,0.0000,0.1887,0.1867,-15.0162,-17.3874,-14.6385,-15.0307,-15.9275,0.0848,4.0830,3.2580,-14.2785,0.5546,-14.2074,-15.0075,-15.5949,-15.2747,-15.2397
1985.25,0.0000,0.0000,0.0000,0.0000,0.1740,0.1811,-15.0128,-17.3901,-14.6172,-15.0251,-15.8918,0.0792,4.0905,3.3194,-14.2767,0.5559,-14.2050,-15.0016,-15.5859,-15.2634,-15.2300
1985.5,0.0000,0.0000,0.0000,0.0000,0.1830,0.1844,-15.0102,-17.3380,-14.5871,-15.0125,-15.8605,0.0790,4.0968,3.3583,-14.2741,0.5548,-14.2044,-14.9928,-15.5267,-15.2816,-15.2410
1985.75,0.0000,0.0000,0.0000,0.0000,0.1825,0.1872,-15.0001,-17.3924,-14.5903,-15.0078,-15.8313,0.0810,4.1047,3.4095,-14.2724,0.5555,-14.2039,-14.9875,-15.5647,-15.2675,-15.2251
1986,0.0000,0.0000,0.0000,0.0000,0.1813,0.2043,-14.9921,-17.4221,-14.5985,-15.0011,-15.8030,0.0783,4.1119,3.4446,-14.2727,0.5514,-14.2024,-14.9838,-15.5473,-15.2842,-15.2265
1986.25,0.0000,0.0000,0.0000,0.0000,0.1808,0.2115,-14.9893,-17.4589,-14.5700,-14.9999,-15.7735,0.0692,4.1125,3.5009,-14.2719,0.5511,-14.2009,-14.9801,-15.5155,-15.3124,-15.2318
1986.5,0.0000,0.0000,0.0000,0.0000,0.1816,0.2211,-14.9840,-17.4923,-14.5353,-14.9928,-15.7423,0.0621,4.1198,3.5442,-14.2677,0.5463,-14.1987,-14.9763,-15.4360,-15.3296,-15.2398
1986.75,0.0000,7.3821,0.0000,8.1649,0.1840,0.2486,-14.9808,-17.4949,-14.5533,-14.9904,-15.7200,0.0627,4.1271,3.6380,-14.2640,0.5487,-14.1988,-14.9688,-15.4544,-15.3217,-15.2356
1987,-0.1991,0.0000,0.0801,0.0000,0.1811,0.2469,-14.9763,-17.4611,-14.5498,-14.9872,-15.7002,0.0622,4.1390,3.6454,-14.2599,0.5534,-14.1953,-14.9627,-15.5180,-15.3520,-15.2580
1987.25,0.0000,0.0000,0.0000,0.0000,0.1934,0.2517,-14.9705,-17.3499,-14.5384,-14.9791,-15.6846,0.0665,4.1477,3.6555,-14.2549,0.5487,-14.1945,-14.9562,-15.4802,-15.3308,-15.2427
1987.5,0.0000,0.0000,0.0000,0.0000,0.1867,0.2447,-14.9607,-17.2868,-14.5395,-14.9726,-15.6699,0.0684,4.1580,3.6423,-14.2509,0.5458,-14.1931,-14.9522,-15.4418,-15.3012,-15.2238
1987.75,0.0000,0.0000,0.0000,0.0000,0.1870,0.2301,-14.9445,-17.2822,-14.5269,-14.9578,-15.6548,0.0692,4.1666,3.6411,-14.2445,0.5522,-14.1885,-14.9470,-15.4714,-15.3057,-15.2261
1988,0.0205,1.8978,0.2997,2.6805,0.1871,0.2180,-14.9362,-17.2685,-14.5566,-14.9548,-15.6418,0.0666,4.1751,3.6247,-14.2404,0.5482,-14.1852,-14.9375,-15.4273,-15.3002,-15.2295
1988.25,0.0000,0.0000,0.0000,0.0000,0.1849,0.2228,-14.9296,-17.2390,-14.5690,-14.9441,-15.6314,0.0716,4.1860,3.6162,-14.2327,0.5523,-14.1806,-14.9313,-15.4291,-15.2780,-15.2123
1988.5,0.0000,0.0000,0.0000,0.0000,0.1829,0.2384,-14.9227,-17.2368,-14.5785,-14.9411,-15.6250,0.0798,4.1983,3.6244,-14.2303,0.5490,-14.1780,-14.9220,-15.4443,-15.2749,-15.2105
1988.75,0.0000,0.0000,0.0000,0.0000,0.1825,0.2375,-14.9130,-17.1938,-14.5510,-14.9299,-15.6144,0.0847,4.2079,3.6568,-14.2238,0.5509,-14.1726,-14.9147,-15.4208,-15.2665,-15.2026
1989,0.0000,0.0000,0.0000,0.0000,0.1867,0.2550,-14.9002,-17.2571,-14.5738,-14.9226,-15.6104,0.0944,4.2199,3.6384,-14.2189,0.5532,-14.1704,-14.9118,-15.4273,-15.2518,-15.1948
1989.25,0.0000,0.0000,0.0000,0.0000,0.1875,0.2345,-14.9018,-17.2903,-14.5536,-14.9172,-15.6033,0.0973,4.2330,3.6269,-14.2182,0.5561,-14.1670,-14.9108,-15.4161,-15.2397,-15.1955
1989.5,0.0000,0.0000,0.0000,0.0000,0.1882,0.2243,-14.9002,-17.2853,-14.5465,-14.9118,-15.5926,0.0908,4.2384,3.6630,-14.2180,0.5545,-14.1668,-14.9049,-15.3962,-15.2139,-15.1807
1989.75,0.0000,0.0000,0.0000,0.0000,0.1889,0.2299,-14.8946,-17.3212,-14.5540,-14.9121,-15.5823,0.0861,4.2464,3.6944,-14.2170,0.5561,-14.1654,-14.8968,-15.4295,-15.2313,-15.1998
1990,0.0000,0.0000,0.0000,0.0000,0.1870,0.2242,-14.8899,-17.3137,-14.5415,-14.9041,-15.5745,0.0825,4.2614,3.6513,-14.2131,0.5505,-14.1624,-14.8965,-15.3906,-15.2205,-15.1899
1990.25,0.0000,0.0000,0.0000,0.0000,0.1866,0.2199,-14.8872,-17.2694,-14.5428,-14.9026,-15.5669,0.0824,4.2721,3.6835,-14.2123,0.5418,-14.1618,-14.8900,-15.4267,-15.2404,-15.2157
1990.5,0.0000,0.0000,0.0000,0.0000,0.1865,0.2400,-14.8870,-17.3451,-14.5548,-14.9056,-15.5580,0.0816,4.2848,3.7005,-14.2175,0.5440,-14.1611,-14.8871,-15.4399,-15.2371,-15.2296
1990.75,0.0000,0.0000,0.0000,0.0000,0.1859,0.2331,-14.8961,-17.3436,-14.5490,-14.9174,-15.5439,0.0774,4.2980,3.7242,-14.2219,0.5427,-14.1615,-14.8950,-15.4708,-15.2593,-15.2615
1991,0.2967,0.2319,0.5759,1.0147,0.1843,0.2075,-14.9087,-17.2826,-14.5443,-14.9253,-15.5388,0.0643,4.3043,3.7272,-14.2289,0.5391,-14.1631,-14.8974,-15.5017,-15.2885,-15.2993
1991.25,0.0000,0.0000,0.0000,0.0000,0.1835,0.2011,-14.9089,-17.3062,-14.5444,-14.9215,-15.5245,0.0586,4.3104,3.7465,-14.2339,0.5365,-14.1672,-14.8924,-15.4997,-15.3011,-15.3038
1991.5,0.0000,0.0000,0.0000,0.0000,0.1834,0.2039,-14.9111,-17.3228,-14.5663,-14.9204,-15.5084,0.0564,4.3180,3.7592,-14.2372,0.5375,-14.1703,-14.8933,-15.4875,-15.3137,-15.3036
1991.75,0.0000,0.0000,0.0000,0.0000,0.1832,0.2046,-14.9102,-17.3204,-14.5892,-14.9196,-15.4910,0.0482,4.3259,3.8138,-14.2417,0.5382,-14.1711,-14.8947,-15.5071,-15.3220,-15.3047
1992,0.0000,0.0000,0.0000,0.0000,0.1812,0.2115,-14.9023,-17.2530,-14.5920,-14.9117,-15.4702,0.0402,4.3337,3.8750,-14.2482,0.5388,-14.1754,-14.8836,-15.4716,-15.3296,-15.2975
1992.25,0.0000,0.0000,0.0000,0.0000,0.1813,0.2126,-14.8971,-17.2454,-14.5960,-14.9042,-15.4505,0.0377,4.3406,3.8927,-14.2488,0.5412,-14.1720,-14.8809,-15.4678,-15.2938,-15.2620
1992.5,0.0000,0.0000,0.0000,0.0000,0.1819,0.2137,-14.8938,-17.2894,-14.5877,-14.8970,-15.4292,0.0326,4.3471,3.9339,-14.2489,0.5380,-14.1742,-14.8743,-15.4496,-15.2768,-15.2500
1992.75,0.0000,0.0000,0.0000,0.0000,0.1819,0.2155,-14.8796,-17.2255,-14.5902,-14.8895,-15.4110,0.0304,4.3532,3.9945,-14.2493,0.5411,-14.1764,-14.8662,-15.4330,-15.2502,-15.2223
1993,0.0000,0.0000,0.0000,0.0000,0.1827,0.2265,-14.9048,-17.2450,-14.6244,-14.8907,-15.3931,0.0304,4.3580,4.0051,-14.2471,0.5427,-14.1782,-14.8660,-15.4263,-15.2468,-15.2195
1993.25,0.0000,0.0000,0.0000,0.0000,0.1843,0.2358,-14.8878,-17.2046,-14.6416,-14.8873,-15.3785,0.0300,4.3637,4.0414,-14.2443,0.5484,-14.1754,-14.8625,-15.3974,-15.2236,-15.2003
1993.5,0.4350,0.0000,0.7142,0.0000,0.1860,0.2192,-14.8890,-17.1933,-14.6552,-14.8850,-15.3631,0.0306,4.3672,4.0681,-14.2421,0.5447,-14.1765,-14.8547,-15.3892,-15.2154,-15.1857
1993.75,0.0000,0.0000,0.0000,0.0000,0.1857,0.2466,-14.8754,-17.1198,-14.6529,-14.8748,-15.3514,0.0299,4.3726,4.1024,-14.2398,0.5460,-14.1762,-14.8509,-15.3684,-15.1772,-15.1452
1994,0.0000,0.0000,0.0000,0.0000,0.1875,0.2133,-14.8844,-17.1245,-14.6923,-14.8680,-15.3418,0.0321,4.3765,4.0984,-14.2385,0.5471,-14.1752,-14.8446,-15.3478,-15.1703,-15.1349
1994.25,0.0000,0.0000,0.0000,0.0000,0.1894,0.2183,-14.8663,-17.1002,-14.7009,-14.8574,-15.3342,0.0394,4.3818,4.0896,-14.2316,0.5520,-14.1728,-14.8406,-15.3400,-15.1532,-15.1141
1994.5,0.0000,0.0000,0.0000,0.0000,0.1855,0.2281,-14.8613,-17.0570,-14.6769,-14.8541,-15.3264,0.0449,4.3900,4.0828,-14.2251,0.5518,-14.1682,-14.8361,-15.3327,-15.1377,-15.1073
1994.75,0.0000,0.0000,0.0000,0.0000,0.1853,0.2327,-14.8533,-17.0272,-14.7079,-14.8461,-15.3184,0.0517,4.3947,4.0819,-14.2232,0.5517,-14.1702,-14.8330,-15.3012,-15.0975,-15.0834
1995,0.0000,0.0000,0.0000,0.0000,0.1868,0.2380,-14.8504,-17.0299,-14.7134,-14.8468,-15.3110,0.0581,4.4001,4.0629,-14.2193,0.5526,-14.1672,-14.8316,-15.3252,-15.0605,-15.0639
1995.25,0.0000,0.0000,0.0000,0.0000,0.1906,0.2255,-14.8491,-16.9977,-14.7204,-14.8477,-15.3037,0.0602,4.4059,4.0449,-14.2183,0.5495,-14.1645,-14.8268,-15.3182,-15.0567,-15.0708
1995.5,0.0000,0.0000,0.0000,0.0000,0.1888,0.2227,-14.8450,-16.9542,-14.7304,-14.8424,-15.2986,0.0580,4.4101,4.0436,-14.2183,0.5545,-14.1643,-14.8238,-15.2935,-15.0531,-15.0608
1995.75,0.0000,0.0000,0.0000,0.0000,0.1896,0.2148,-14.8388,-16.9447,-14.7717,-14.8386,-15.2940,0.0572,4.4145,4.0294,-14.2195,0.5512,-14.1660,-14.8214,-15.2793,-15.0363,-15.0432
1996,0.0000,0.0000,0.0000,0.0000,0.1919,0.2134,-14.8311,-16.9083,-14.7542,-14.8348,-15.2891,0.0536,4.4203,4.0123,-14.2176,0.5410,-14.1651,-14.8156,-15.2716,-15.0148,-15.0214
1996.25,0.0000,0.0000,0.0000,0.0000,0.1954,0.2223,-14.8178,-16.8989,-14.7431,-14.8207,-15.2856,0.0524,4.4268,3.9845,-14.2156,0.5463,-14.1649,-14.8104,-15.2434,-14.9896,-14.9924
1996.5,0.0000,0.0000,0.0000,0.0000,0.1938,0.2214,-14.8098,-16.8974,-14.7642,-14.8154,-15.2827,0.0531,4.4314,3.9307,-14.2131,0.5486,-14.1635,-14.8079,-15.2396,-14.9601,-14.9729
1996.75,0.0000,0.0000,0.0000,0.0000,0.1943,0.2186,-14.8032,-16.8778,-14.7704,-14.8078,-15.2852,0.0528,4.4383,3.9126,-14.2093,0.5517,-14.1582,-14.8047,-15.2236,-14.9367,-14.9596
1997,0.0000,0.0000,0.0000,0.0000,0.1979,0.2125,-14.7954,-16.8505,-14.7872,-14.8034,-15.2892,0.0528,4.4434,3.8648,-14.2065,0.5519,-14.1574,-14.8004,-15.2001,-14.9148,-14.9435
1997.25,0.0000,0.0000,0.0000,0.0000,0.1988,0.2112,-14.7886,-16.8295,-14.7729,-14.7920,-15.2921,0.0552,4.4461,3.8410,-14.2055,0.5532,-14.1579,-14.7986,-15.2066,-14.8936,-14.9255
1997.5,0.0000,0.0000,0.0000,0.0000,0.1993,0.2147,-14.7782,-16.7987,-14.7794,-14.7827,-15.2965,0.0553,4.4489,3.8245,-14.2046,0.5550,-14.1582,-14.7889,-15.1662,-14.8470,-14.8909
1997.75,0.0000,0.0000,0.0000,0.0000,0.2000,0.2091,-14.7645,-16.8278,-14.7839,-14.7783,-15.3009,0.0551,4.4525,3.8405,-14.2026,0.5544,-14.1576,-14.7828,-15.1442,-14.8422,-14.8855
1998,0.0000,0.0000,0.0000,0.0000,0.1997,0.2257,-14.7441,-16.9238,-14.8188,-14.7721,-15.3069,0.0552,4.4530,3.8245,-14.2005,0.5561,-14.1562,-14.7759,-15.1390,-14.8114,-14.8591
1998.25,0.0000,0.0000,0.0000,0.0000,0.1999,0.2232,-14.7304,-16.9376,-14.7948,-14.7663,-15.3147,0.0550,4.4553,3.8103,-14.1973,0.5536,-14.1547,-14.7669,-15.0925,-14.7787,-14.8280
1998.5,0.0000,0.0000,0.0000,0.0000,0.2007,0.2267,-14.7209,-16.9337,-14.8063,-14.7563,-15.3252,0.0553,4.4587,3.7977,-14.1966,0.5513,-14.1535,-14.7591,-15.0671,-14.7668,-14.8122
1998.75,0.0000,0.0000,0.0000,0.0000,0.2021,0.2277,-14.7144,-16.9647,-14.7996,-14.7422,-15.3350,0.0486,4.4618,3.8078,-14.1951,0.5584,-14.1540,-14.7536,-15.0125,-14.7374,-14.7852
1999,0.0000,0.0000,0.0000,0.0000,0.2034,0.2229,-14.7118,-16.8981,-14.8093,-14.7364,-15.3480,0.0473,4.4649,3.7918,-14.1972,0.5571,-14.1578,-14.7457,-15.0131,-14.7175,-14.7699
1999.25,0.0000,0.0000,0.0000,0.0000,0.2042,0.2212,-14.7086,-16.9057,-14.8124,-14.7317,-15.3607,0.0475,4.4706,3.7577,-14.1930,0.5582,-14.1528,-14.7380,-14.9692,-14.6929,-14.7498
1999.5,0.0000,0.0000,0.0000,0.0000,0.2047,0.2284,-14.7020,-16.9265,-14.7945,-14.7219,-15.3737,0.0509,4.4758,3.7280,-14.1912,0.5568,-14.1514,-14.7308,-14.9480,-14.6675,-14.7297
1999.75,0.0000,0.0000,0.0000,0.0000,0.2047,0.2318,-14.6847,-16.9246,-14.7754,-14.7069,-15.3863,0.0531,4.4813,3.7326,-14.1888,0.5568,-14.1509,-14.7193,-14.9385,-14.6672,-14.7269
2000,0.0000,0.0000,0.0000,0.0000,0.2064,0.2496,-14.6607,-16.9579,-14.8186,-14.7072,-15.4105,0.0568,4.4902,3.7017,-14.1845,0.5561,-14.1463,-14.7133,-14.8866,-14.6336,-14.7009
2000.25,0.0000,0.0000,0.0000,0.0000,0.2052,0.2511,-14.6559,-16.9774,-14.7822,-14.6907,-15.4300,0.0627,4.4946,3.6802,-14.1834,0.5543,-14.1459,-14.7025,-14.9076,-14.6002,-14.6789
2000.5,0.0000,0.0000,0.0000,0.0000,0.2062,0.2370,-14.6483,-17.0086,-14.8048,-14.6929,-15.4511,0.0652,4.5004,3.6658,-14.1871,0.5529,-14.1497,-14.6969,-14.8935,-14.5922,-14.6784
2000.75,0.0000,0.0000,0.0000,0.0000,0.2068,0.2475,-14.6498,-17.0497,-14.8124,-14.6900,-15.4713,0.0647,4.5059,3.6497,-14.1919,0.5509,-14.1544,-14.6909,-14.8892,-14.5913,-14.6784
2001,0.0000,0.0000,0.0000,0.0000,0.2091,0.2062,-14.6443,-17.0685,-14.7944,-14.6963,-15.4922,0.0559,4.5129,3.6466,-14.1902,0.5464,-14.1497,-14.6920,-14.8754,-14.6037,-14.6873
2001.25,0.0000,0.0000,0.0000,0.0000,0.2088,0.1900,-14.6554,-17.0373,-14.7762,-14.6927,-15.5098,0.0433,4.5176,3.6530,-14.1978,0.5441,-14.1548,-14.6906,-14.8789,-14.6333,-14.7061
2001.5,0.0000,0.0000,0.0000,0.0000,0.1889,0.1776,-14.6626,-17.1034,-14.7723,-14.6984,-15.5078,0.0350,4.5178,3.9995,-14.2041,0.5418,-14.1567,-14.6902,-14.8697,-14.6530,-14.7196
2001.75,0.0000,0.0000,0.0000,0.0000,0.2035,0.1542,-14.6703,-17.0906,-14.7632,-14.6977,-15.5122,0.0213,4.5184,3.7218,-14.2116,0.5399,-14.1567,-14.6876,-14.7919,-14.6884,-14.7481
2002,0.0000,0.0000,0.0000,0.0000,0.1861,0.1433,-14.6707,-17.0261,-14.7425,-14.6921,-15.5033,0.0173,4.5207,3.7133,-14.2199,0.5390,-14.1645,-14.6846,-14.8063,-14.7153,-14.7602
2002.25,0.0000,0.0000,0.0000,0.0000,0.1839,0.1449,-14.6709,-17.0068,-14.7225,-14.6896,-15.4925,0.0175,4.5284,3.6626,-14.2223,0.5429,-14.1663,-14.6831,-14.7986,-14.7343,-14.7669
2002.5,0.0000,0.0000,0.0000,0.0000,0.1824,0.1494,-14.6778,-16.9913,-14.7094,-14.6872,-15.4806,0.0174,4.5335,3.6552,-14.2261,0.5425,-14.1709,-14.6824,-14.7724,-14.7414,-14.7708
2002.75,0.0000,0.0000,0.0000,0.0000,0.1810,0.1553,-14.6820,-16.9224,-14.6953,-14.6895,-15.4676,0.0144,4.5382,3.6940,-14.2265,0.5417,-14.1689,-14.6790,-14.7883,-14.7617,-14.7806
2003,0.0000,0.0000,0.0000,0.0000,0.1795,0.1803,-14.6842,-16.9527,-14.6976,-14.6879,-15.4562,0.0125,4.5453,3.7176,-14.2303,0.5368,-14.1730,-14.6763,-14.7880,-14.7670,-14.7819
2003.25,0.0000,0.0000,0.0000,0.0000,0.1786,0.1731,-14.6764,-16.9215,-14.6532,-14.6821,-15.4354,0.0125,4.5461,3.7397,-14.2355,0.5357,-14.1737,-14.6737,-14.7501,-14.7424,-14.7588
2003.5,-1.0796,-3.2839,-0.8004,-2.5011,0.1667,0.1853,-14.6758,-16.8837,-14.6551,-14.6687,-15.4134,0.0102,4.5525,3.7844,-14.2356,0.5354,-14.1762,-14.6674,-14.7118,-14.7224,-14.7297
2003.75,0.0000,0.0000,0.0000,0.0000,0.1720,0.1941,-14.6655,-16.8324,-14.6506,-14.6625,-15.3967,0.0100,4.5571,3.7500,-14.2358,0.5367,-14.1805,-14.6655,-14.7052,-14.7111,-14.7140
2004,0.0000,0.0000,0.0000,0.0000,0.1717,0.1791,-14.6679,-16.7206,-14.6407,-14.6588,-15.3824,0.0100,4.5653,3.8031,-14.2367,0.5395,-14.1803,-14.6602,-14.6942,-14.7219,-14.7188
2004.25,0.0000,0.0000,0.0000,0.0000,0.1719,0.1871,-14.6622,-16.6984,-14.6379,-14.6552,-15.3700,0.0101,4.5727,3.8217,-14.2351,0.5357,-14.1803,-14.6589,-14.6908,-14.6981,-14.6913
2004.5,0.0000,0.0000,0.0000,0.0000,0.1728,0.1922,-14.6557,-16.6568,-14.6237,-14.6508,-15.3575,0.0143,4.5788,3.8330,-14.2339,0.5354,-14.1816,-14.6547,-14.6742,-14.6741,-14.6734
2004.75,0.0000,0.0000,0.0000,0.0000,0.1713,0.1979,-14.6437,-16.6771,-14.6390,-14.6456,-15.3462,0.0195,4.5868,3.8373,-14.2332,0.5347,-14.1811,-14.6480,-14.6595,-14.6554,-14.6596
2005,0.0000,0.0000,0.0000,0.0000,0.1804,0.2276,-14.6560,-16.5941,-14.6378,-14.6383,-15.3406,0.0247,4.5927,3.8456,-14.2320,0.5359,-14.1813,-14.6434,-14.6519,-14.6493,-14.6504
2005.25,0.0000,0.0000,0.0000,0.0000,0.1809,0.2181,-14.6521,-16.5906,-14.6398,-14.6368,-15.3329,0.0294,4.5989,3.8250,-14.2304,0.5364,-14.1813,-14.6393,-14.6262,-14.6377,-14.6357
2005.5,0.0000,0.0000,0.0000,0.0000,0.1815,0.2184,-14.6455,-16.5866,-14.6197,-14.6318,-15.3257,0.0346,4.6101,3.8311,-14.2300,0.5356,-14.1809,-14.6356,-14.6151,-14.6264,-14.6259
2005.75,0.0000,0.0000,0.0000,0.0000,0.1814,0.2296,-14.6413,-16.5476,-14.6394,-14.6297,-15.3212,0.0398,4.6188,3.8029,-14.2301,0.5348,-14.1828,-14.6320,-14.6438,-14.6234,-14.6248
2006,0.0000,0.0000,0.0000,0.0000,0.1850,0.2290,-14.6249,-16.5198,-14.6142,-14.6201,-15.3187,0.0446,4.6230,3.7770,-14.2264,0.5372,-14.1808,-14.6287,-14.6086,-14.5843,-14.6047
2006.25,0.0000,0.0000,0.0000,0.0000,0.1838,0.2348,-14.6222,-16.5287,-14.6257,-14.6189,-15.3166,0.0491,4.6303,3.8103,-14.2256,0.5355,-14.1806,-14.6249,-14.6108,-14.5693,-14.6122
2006.5,0.0000,0.0000,0.0000,0.0000,0.1840,0.2376,-14.6217,-16.5044,-14.6295,-14.6217,-15.3142,0.0525,4.6375,3.7593,-14.2259,0.5376,-14.1820,-14.6230,-14.5989,-14.5617,-14.6279
2006.75,0.0000,0.0000,0.0000,0.0000,0.1855,0.2281,-14.6129,-16.5524,-14.6297,-14.6177,-15.3136,0.0525,4.6373,3.7598,-14.2256,0.5390,-14.1823,-14.6173,-14.5881,-14.5595,-14.6449
